system,run,side,fraction,percent,JSD
H3,1,Entry,0.1,10.0,0.005124342764376349
H3,1,Entry,0.2,20.0,0.0014964144869613494
H3,1,Entry,0.30000000000000004,30.000000000000004,0.0010784325506597676
H3,1,Entry,0.4,40.0,0.0007856570726338522
H3,1,Entry,0.5,50.0,0.0008266346621696283
H3,1,Entry,0.6,60.0,0.0005475938861284984
H3,1,Entry,0.7000000000000001,70.0,9.367921771858748e-05
H3,1,Entry,0.8,80.0,0.0001108447906545087
H3,1,Entry,0.9,90.0,0.00013324525726543824
H3,1,Exit,0.1,10.0,0.005420618656960701
H3,1,Exit,0.2,20.0,0.0017453199034438945
H3,1,Exit,0.30000000000000004,30.000000000000004,0.001354796715959358
H3,1,Exit,0.4,40.0,0.0004913494616408321
H3,1,Exit,0.5,50.0,0.0003427429248666748
H3,1,Exit,0.6,60.0,0.00015038798825868106
H3,1,Exit,0.7000000000000001,70.0,0.00010304493537767245
H3,1,Exit,0.8,80.0,8.667747410966488e-05
H3,1,Exit,0.9,90.0,4.1063529925126766e-05
H3,2,Entry,0.1,10.0,0.002500678277859799
H3,2,Entry,0.2,20.0,0.000922249563934064
H3,2,Entry,0.30000000000000004,30.000000000000004,0.0011278869496465559
H3,2,Entry,0.4,40.0,0.001163718959183498
H3,2,Entry,0.5,50.0,0.00023143639717326624
H3,2,Entry,0.6,60.0,0.00025921848581991584
H3,2,Entry,0.7000000000000001,70.0,0.00017667648079064462
H3,2,Entry,0.8,80.0,0.00012968059462853512
H3,2,Entry,0.9,90.0,9.001406951655924e-05
H3,2,Exit,0.1,10.0,0.001999800907684607
H3,2,Exit,0.2,20.0,0.0018676492759489697
H3,2,Exit,0.30000000000000004,30.000000000000004,0.0007128700521597837
H3,2,Exit,0.4,40.0,0.0004144438157872148
H3,2,Exit,0.5,50.0,0.00034661475062379904
H3,2,Exit,0.6,60.0,0.00031466496376876866
H3,2,Exit,0.7000000000000001,70.0,0.00012141674085509966
H3,2,Exit,0.8,80.0,6.128784276728537e-05
H3,2,Exit,0.9,90.0,2.3210870297848514e-05
H3,3,Entry,0.1,10.0,0.0027222746270372244
H3,3,Entry,0.2,20.0,0.0008217205345514094
H3,3,Entry,0.30000000000000004,30.000000000000004,0.000535979931537748
H3,3,Entry,0.4,40.0,0.0002740003322696711
H3,3,Entry,0.5,50.0,0.00011704119636305192
H3,3,Entry,0.6,60.0,0.0001207530601190048
H3,3,Entry,0.7000000000000001,70.0,7.685569500728986e-05
H3,3,Entry,0.8,80.0,2.1819503368822674e-05
H3,3,Entry,0.9,90.0,6.567346588538106e-05
H3,3,Exit,0.1,10.0,0.0020114670499698376
H3,3,Exit,0.2,20.0,0.0015821773628406323
H3,3,Exit,0.30000000000000004,30.000000000000004,0.0011906240648641318
H3,3,Exit,0.4,40.0,0.0006543473628046084
H3,3,Exit,0.5,50.0,0.00041507399257762287
H3,3,Exit,0.6,60.0,0.00021291807132968628
H3,3,Exit,0.7000000000000001,70.0,0.00011024708469666968
H3,3,Exit,0.8,80.0,4.665991179702242e-05
H3,3,Exit,0.9,90.0,3.0379773596231018e-05
H3,4,Entry,0.1,10.0,0.007737607051390814
H3,4,Entry,0.2,20.0,0.0008737672320121375
H3,4,Entry,0.30000000000000004,30.000000000000004,0.000682505094773779
H3,4,Entry,0.4,40.0,0.0004040769761425555
H3,4,Entry,0.5,50.0,0.0004943350747811946
H3,4,Entry,0.6,60.0,0.00016751865102627235
H3,4,Entry,0.7000000000000001,70.0,8.953867436257659e-05
H3,4,Entry,0.8,80.0,3.311740291002171e-05
H3,4,Entry,0.9,90.0,3.565712857620013e-05
H3,4,Exit,0.1,10.0,0.0016595350133999489
H3,4,Exit,0.2,20.0,0.0013428526124400378
H3,4,Exit,0.30000000000000004,30.000000000000004,0.0007692351508339582
H3,4,Exit,0.4,40.0,0.0008516693910514581
H3,4,Exit,0.5,50.0,0.0005382167379656508
H3,4,Exit,0.6,60.0,0.00044323487108262604
H3,4,Exit,0.7000000000000001,70.0,0.00014191345459429536
H3,4,Exit,0.8,80.0,0.0001597306514007824
H3,4,Exit,0.9,90.0,0.0001546549122823973
exnotailH3,1,Entry,0.1,10.0,0.0019452368880964214
exnotailH3,1,Entry,0.2,20.0,0.002731661788854019
exnotailH3,1,Entry,0.30000000000000004,30.000000000000004,0.0027614802741951485
exnotailH3,1,Entry,0.4,40.0,0.0017391229146900336
exnotailH3,1,Entry,0.5,50.0,0.0013401138350918997
exnotailH3,1,Entry,0.6,60.0,0.0008285088983616383
exnotailH3,1,Entry,0.7000000000000001,70.0,0.0007897163506488318
exnotailH3,1,Entry,0.8,80.0,0.000744138358519412
exnotailH3,1,Entry,0.9,90.0,0.00013836120376983438
exnotailH3,1,Exit,0.1,10.0,0.002791261764501321
exnotailH3,1,Exit,0.2,20.0,0.0014987395403611632
exnotailH3,1,Exit,0.30000000000000004,30.000000000000004,0.0014838245310107852
exnotailH3,1,Exit,0.4,40.0,0.0007610758996888401
exnotailH3,1,Exit,0.5,50.0,0.0005985006036910078
exnotailH3,1,Exit,0.6,60.0,0.00029736987209711275
exnotailH3,1,Exit,0.7000000000000001,70.0,0.00021724046523122152
exnotailH3,1,Exit,0.8,80.0,0.00013605925086013974
exnotailH3,1,Exit,0.9,90.0,0.00012560471236451132
exnotailH3,2,Entry,0.1,10.0,0.005629183694258404
exnotailH3,2,Entry,0.2,20.0,0.0012107237336785438
exnotailH3,2,Entry,0.30000000000000004,30.000000000000004,0.0017313191002778549
exnotailH3,2,Entry,0.4,40.0,0.0008034676807764697
exnotailH3,2,Entry,0.5,50.0,0.0009594700667935455
exnotailH3,2,Entry,0.6,60.0,0.0005752494813405599
exnotailH3,2,Entry,0.7000000000000001,70.0,0.0008955453520124151
exnotailH3,2,Entry,0.8,80.0,0.000652447564028526
exnotailH3,2,Entry,0.9,90.0,0.0006997247975060894
exnotailH3,2,Exit,0.1,10.0,0.007305669008908829
exnotailH3,2,Exit,0.2,20.0,0.007745484768506704
exnotailH3,2,Exit,0.30000000000000004,30.000000000000004,0.006716309425019341
exnotailH3,2,Exit,0.4,40.0,0.0077891973680801795
exnotailH3,2,Exit,0.5,50.0,0.007575479396680087
exnotailH3,2,Exit,0.6,60.0,0.003658438311772448
exnotailH3,2,Exit,0.7000000000000001,70.0,0.004459028305589514
exnotailH3,2,Exit,0.8,80.0,0.0020701380421652505
exnotailH3,2,Exit,0.9,90.0,0.0020995755305934236
exnotailH3,3,Entry,0.1,10.0,0.002576962371884553
exnotailH3,3,Entry,0.2,20.0,0.04430950644500627
exnotailH3,3,Entry,0.30000000000000004,30.000000000000004,0.019245935851736014
exnotailH3,3,Entry,0.4,40.0,0.006818879824975935
exnotailH3,3,Entry,0.5,50.0,0.0061217249602240524
exnotailH3,3,Entry,0.6,60.0,0.00329863665448063
exnotailH3,3,Entry,0.7000000000000001,70.0,0.0020843556142401583
exnotailH3,3,Entry,0.8,80.0,0.000697895649812013
exnotailH3,3,Entry,0.9,90.0,0.00020914001657647144
exnotailH3,3,Exit,0.1,10.0,0.04763977313985564
exnotailH3,3,Exit,0.2,20.0,0.019883163752760946
exnotailH3,3,Exit,0.30000000000000004,30.000000000000004,0.010751806456070306
exnotailH3,3,Exit,0.4,40.0,0.0033534640727464807
exnotailH3,3,Exit,0.5,50.0,0.008982571869780982
exnotailH3,3,Exit,0.6,60.0,0.00782360689679251
exnotailH3,3,Exit,0.7000000000000001,70.0,0.003162669091260775
exnotailH3,3,Exit,0.8,80.0,0.001086018224673334
exnotailH3,3,Exit,0.9,90.0,0.00022684252315438114
exnotailH3,4,Entry,0.1,10.0,0.01770455751213716
exnotailH3,4,Entry,0.2,20.0,0.00850272278144587
exnotailH3,4,Entry,0.30000000000000004,30.000000000000004,0.003158910202663231
exnotailH3,4,Entry,0.4,40.0,0.0015513560677536341
exnotailH3,4,Entry,0.5,50.0,0.004315209625756636
exnotailH3,4,Entry,0.6,60.0,0.0019667831643393903
exnotailH3,4,Entry,0.7000000000000001,70.0,0.0006467592333820062
exnotailH3,4,Entry,0.8,80.0,0.0001449212835124117
exnotailH3,4,Entry,0.9,90.0,5.4767920194925506e-05
exnotailH3,4,Exit,0.1,10.0,0.04176381880258383
exnotailH3,4,Exit,0.2,20.0,0.029765079712472255
exnotailH3,4,Exit,0.30000000000000004,30.000000000000004,0.004254673319510047
exnotailH3,4,Exit,0.4,40.0,0.0015667837256151686
exnotailH3,4,Exit,0.5,50.0,0.01013717556933431
exnotailH3,4,Exit,0.6,60.0,0.0052351535206084905
exnotailH3,4,Exit,0.7000000000000001,70.0,0.0022967865945437713
exnotailH3,4,Exit,0.8,80.0,0.0008570540501036801
exnotailH3,4,Exit,0.9,90.0,0.00017481984704597518
cenpa,1,Entry,0.1,10.0,0.033242169795376995
cenpa,1,Entry,0.2,20.0,0.03581543030997544
cenpa,1,Entry,0.30000000000000004,30.000000000000004,0.004761763600871281
cenpa,1,Entry,0.4,40.0,0.00022364804500215856
cenpa,1,Entry,0.5,50.0,0.000249091346299635
cenpa,1,Entry,0.6,60.0,0.0010692939716607014
cenpa,1,Entry,0.7000000000000001,70.0,9.704922798526006e-05
cenpa,1,Entry,0.8,80.0,8.214411078435587e-05
cenpa,1,Entry,0.9,90.0,0.0001349441442278034
cenpa,1,Exit,0.1,10.0,0.005103203766635668
cenpa,1,Exit,0.2,20.0,0.004628114256843724
cenpa,1,Exit,0.30000000000000004,30.000000000000004,0.0011685266575008923
cenpa,1,Exit,0.4,40.0,0.00029872155004206073
cenpa,1,Exit,0.5,50.0,0.00024808648745145443
cenpa,1,Exit,0.6,60.0,9.166733965775823e-05
cenpa,1,Exit,0.7000000000000001,70.0,0.00011803134686177804
cenpa,1,Exit,0.8,80.0,0.0001396160551291339
cenpa,1,Exit,0.9,90.0,4.1302167766886055e-05
cenpa,2,Entry,0.1,10.0,0.006536501378140063
cenpa,2,Entry,0.2,20.0,0.0013623577627494218
cenpa,2,Entry,0.30000000000000004,30.000000000000004,0.0007926787329806521
cenpa,2,Entry,0.4,40.0,0.0005988340796214185
cenpa,2,Entry,0.5,50.0,0.0008061668483893589
cenpa,2,Entry,0.6,60.0,0.0016634881022038824
cenpa,2,Entry,0.7000000000000001,70.0,0.00027181520500022937
cenpa,2,Entry,0.8,80.0,7.883952143013126e-05
cenpa,2,Entry,0.9,90.0,0.0001045986940461147
cenpa,2,Exit,0.1,10.0,0.023188054375061343
cenpa,2,Exit,0.2,20.0,0.006989370665191232
cenpa,2,Exit,0.30000000000000004,30.000000000000004,0.002422333753997071
cenpa,2,Exit,0.4,40.0,0.0011216628889150738
cenpa,2,Exit,0.5,50.0,0.00067862108860953
cenpa,2,Exit,0.6,60.0,0.0002889130201071965
cenpa,2,Exit,0.7000000000000001,70.0,0.00018195355192900003
cenpa,2,Exit,0.8,80.0,0.00011859512705842335
cenpa,2,Exit,0.9,90.0,2.0485607917651844e-05
cenpa,3,Entry,0.1,10.0,0.07102784986158431
cenpa,3,Entry,0.2,20.0,0.009000517930470124
cenpa,3,Entry,0.30000000000000004,30.000000000000004,0.004873343986490437
cenpa,3,Entry,0.4,40.0,0.0013521550130211075
cenpa,3,Entry,0.5,50.0,0.002197322323499194
cenpa,3,Entry,0.6,60.0,0.0008469596499384157
cenpa,3,Entry,0.7000000000000001,70.0,0.0033202068224458207
cenpa,3,Entry,0.8,80.0,0.0031328030070876785
cenpa,3,Entry,0.9,90.0,0.0009313121074402136
cenpa,3,Exit,0.1,10.0,0.1270373276473454
cenpa,3,Exit,0.2,20.0,0.03131385905375004
cenpa,3,Exit,0.30000000000000004,30.000000000000004,0.012426428571725556
cenpa,3,Exit,0.4,40.0,0.007257252589488342
cenpa,3,Exit,0.5,50.0,0.004421020900769788
cenpa,3,Exit,0.6,60.0,0.0026843445481965285
cenpa,3,Exit,0.7000000000000001,70.0,0.0018724098938804105
cenpa,3,Exit,0.8,80.0,0.0009278836888632152
cenpa,3,Exit,0.9,90.0,0.0002704725135637479
cenpa,4,Entry,0.1,10.0,0.07390120434142358
cenpa,4,Entry,0.2,20.0,0.0769615127432689
cenpa,4,Entry,0.30000000000000004,30.000000000000004,0.07977531291548522
cenpa,4,Entry,0.4,40.0,0.02763910981546417
cenpa,4,Entry,0.5,50.0,0.005129162488051047
cenpa,4,Entry,0.6,60.0,0.00022462543658028104
cenpa,4,Entry,0.7000000000000001,70.0,0.00010920886226062464
cenpa,4,Entry,0.8,80.0,0.00046200987767223956
cenpa,4,Entry,0.9,90.0,0.0007898324216735453
cenpa,4,Exit,0.1,10.0,0.014607221264717623
cenpa,4,Exit,0.2,20.0,0.011333279545711995
cenpa,4,Exit,0.30000000000000004,30.000000000000004,0.007025589860943019
cenpa,4,Exit,0.4,40.0,0.0030306485802405717
cenpa,4,Exit,0.5,50.0,0.0011535183072398445
cenpa,4,Exit,0.6,60.0,0.0005480398436274476
cenpa,4,Exit,0.7000000000000001,70.0,8.876923608936818e-05
cenpa,4,Exit,0.8,80.0,0.00014366463744654742
cenpa,4,Exit,0.9,90.0,0.0001148080233959898
exnotailcenpa,1,Entry,0.1,10.0,0.0063749632974692445
exnotailcenpa,1,Entry,0.2,20.0,0.006690758169091297
exnotailcenpa,1,Entry,0.30000000000000004,30.000000000000004,0.003145513230225519
exnotailcenpa,1,Entry,0.4,40.0,0.0007441249672864137
exnotailcenpa,1,Entry,0.5,50.0,0.0002527459820081513
exnotailcenpa,1,Entry,0.6,60.0,0.0001451746195700402
exnotailcenpa,1,Entry,0.7000000000000001,70.0,0.0001335830265828685
exnotailcenpa,1,Entry,0.8,80.0,0.00041471505231727905
exnotailcenpa,1,Entry,0.9,90.0,0.00042259790283367927
exnotailcenpa,1,Exit,0.1,10.0,0.012145654019048177
exnotailcenpa,1,Exit,0.2,20.0,0.004479785014148803
exnotailcenpa,1,Exit,0.30000000000000004,30.000000000000004,0.0017474306357270451
exnotailcenpa,1,Exit,0.4,40.0,0.0006669335218724179
exnotailcenpa,1,Exit,0.5,50.0,0.0003676780419704773
exnotailcenpa,1,Exit,0.6,60.0,0.00017472107601099077
exnotailcenpa,1,Exit,0.7000000000000001,70.0,0.00030791732056774845
exnotailcenpa,1,Exit,0.8,80.0,0.00010126473938807527
exnotailcenpa,1,Exit,0.9,90.0,0.0001792172541420363
exnotailcenpa,2,Entry,0.1,10.0,0.03678878054019012
exnotailcenpa,2,Entry,0.2,20.0,0.009701540973728717
exnotailcenpa,2,Entry,0.30000000000000004,30.000000000000004,0.0014012558595712851
exnotailcenpa,2,Entry,0.4,40.0,0.002612520740905514
exnotailcenpa,2,Entry,0.5,50.0,0.005384049881039096
exnotailcenpa,2,Entry,0.6,60.0,0.0016219712749602588
exnotailcenpa,2,Entry,0.7000000000000001,70.0,0.000897334249248304
exnotailcenpa,2,Entry,0.8,80.0,0.0008582661003205283
exnotailcenpa,2,Entry,0.9,90.0,0.0002618977747506164
exnotailcenpa,2,Exit,0.1,10.0,0.021852037722422134
exnotailcenpa,2,Exit,0.2,20.0,0.008994461605878542
exnotailcenpa,2,Exit,0.30000000000000004,30.000000000000004,0.001244205737102936
exnotailcenpa,2,Exit,0.4,40.0,0.0004015511586825777
exnotailcenpa,2,Exit,0.5,50.0,0.00038936730666049696
exnotailcenpa,2,Exit,0.6,60.0,0.0005003770975526862
exnotailcenpa,2,Exit,0.7000000000000001,70.0,0.00017940866200880163
exnotailcenpa,2,Exit,0.8,80.0,0.00010820793276527615
exnotailcenpa,2,Exit,0.9,90.0,0.0001055547119251614
exnotailcenpa,3,Entry,0.1,10.0,0.015155455963288303
exnotailcenpa,3,Entry,0.2,20.0,0.008076594665954975
exnotailcenpa,3,Entry,0.30000000000000004,30.000000000000004,0.007254663591109479
exnotailcenpa,3,Entry,0.4,40.0,0.005877971090582234
exnotailcenpa,3,Entry,0.5,50.0,0.005578863160762301
exnotailcenpa,3,Entry,0.6,60.0,0.0036005560672947388
exnotailcenpa,3,Entry,0.7000000000000001,70.0,0.0023782757428727546
exnotailcenpa,3,Entry,0.8,80.0,0.00026987169910796854
exnotailcenpa,3,Entry,0.9,90.0,0.00015217551792899862
exnotailcenpa,3,Exit,0.1,10.0,0.022669211944034155
exnotailcenpa,3,Exit,0.2,20.0,0.008748386614927727
exnotailcenpa,3,Exit,0.30000000000000004,30.000000000000004,0.004069333748331639
exnotailcenpa,3,Exit,0.4,40.0,0.0021137416240249417
exnotailcenpa,3,Exit,0.5,50.0,0.0010129287754991733
exnotailcenpa,3,Exit,0.6,60.0,0.000536024767645279
exnotailcenpa,3,Exit,0.7000000000000001,70.0,0.0008008364631595516
exnotailcenpa,3,Exit,0.8,80.0,0.00041872718203654245
exnotailcenpa,3,Exit,0.9,90.0,0.00024412766801294798
exnotailcenpa,4,Entry,0.1,10.0,0.003913343170218252
exnotailcenpa,4,Entry,0.2,20.0,0.0016172482389050222
exnotailcenpa,4,Entry,0.30000000000000004,30.000000000000004,0.0010794456897645533
exnotailcenpa,4,Entry,0.4,40.0,0.00038453064612884596
exnotailcenpa,4,Entry,0.5,50.0,0.00015933240340170688
exnotailcenpa,4,Entry,0.6,60.0,0.00029497347486047236
exnotailcenpa,4,Entry,0.7000000000000001,70.0,0.00024364771372759668
exnotailcenpa,4,Entry,0.8,80.0,0.00019767900695590848
exnotailcenpa,4,Entry,0.9,90.0,7.809085527695319e-05
exnotailcenpa,4,Exit,0.1,10.0,0.0037425107783247875
exnotailcenpa,4,Exit,0.2,20.0,0.001197193631142845
exnotailcenpa,4,Exit,0.30000000000000004,30.000000000000004,0.00042685539627582397
exnotailcenpa,4,Exit,0.4,40.0,0.0006422247929381423
exnotailcenpa,4,Exit,0.5,50.0,0.0005553422969009386
exnotailcenpa,4,Exit,0.6,60.0,0.00015505786129193643
exnotailcenpa,4,Exit,0.7000000000000001,70.0,0.0002945040580112892
exnotailcenpa,4,Exit,0.8,80.0,7.751849881301989e-05
exnotailcenpa,4,Exit,0.9,90.0,7.305992805950887e-05
H3withcenpahelix,1,Entry,0.1,10.0,0.013698804708991076
H3withcenpahelix,1,Entry,0.2,20.0,0.0123450896434526
H3withcenpahelix,1,Entry,0.30000000000000004,30.000000000000004,0.012551227411096454
H3withcenpahelix,1,Entry,0.4,40.0,0.011022559651850162
H3withcenpahelix,1,Entry,0.5,50.0,0.014247774716600447
H3withcenpahelix,1,Entry,0.6,60.0,0.015160525540895683
H3withcenpahelix,1,Entry,0.7000000000000001,70.0,7.565650867823713e-05
H3withcenpahelix,1,Entry,0.8,80.0,0.000766076550620835
H3withcenpahelix,1,Entry,0.9,90.0,0.0002536337251229432
H3withcenpahelix,1,Exit,0.1,10.0,0.04217714744231983
H3withcenpahelix,1,Exit,0.2,20.0,0.040120035819622014
H3withcenpahelix,1,Exit,0.30000000000000004,30.000000000000004,0.03943841748741248
H3withcenpahelix,1,Exit,0.4,40.0,0.036854975994483855
H3withcenpahelix,1,Exit,0.5,50.0,0.03379166242259695
H3withcenpahelix,1,Exit,0.6,60.0,0.030682306222568977
H3withcenpahelix,1,Exit,0.7000000000000001,70.0,0.0003630233853728524
H3withcenpahelix,1,Exit,0.8,80.0,0.0007165886178826143
H3withcenpahelix,1,Exit,0.9,90.0,0.00023745372634402368
H3withcenpahelix,2,Entry,0.1,10.0,0.08749240970915997
H3withcenpahelix,2,Entry,0.2,20.0,0.07181517489541445
H3withcenpahelix,2,Entry,0.30000000000000004,30.000000000000004,0.07275808032882189
H3withcenpahelix,2,Entry,0.4,40.0,0.07678716571310182
H3withcenpahelix,2,Entry,0.5,50.0,0.07638957420359253
H3withcenpahelix,2,Entry,0.6,60.0,0.030347740803890043
H3withcenpahelix,2,Entry,0.7000000000000001,70.0,0.008416836697336144
H3withcenpahelix,2,Entry,0.8,80.0,0.0007013394077167866
H3withcenpahelix,2,Entry,0.9,90.0,0.0002221578490920728
H3withcenpahelix,2,Exit,0.1,10.0,0.12850878173392788
H3withcenpahelix,2,Exit,0.2,20.0,0.10213198180032154
H3withcenpahelix,2,Exit,0.30000000000000004,30.000000000000004,0.11186111220869217
H3withcenpahelix,2,Exit,0.4,40.0,0.11496221592104455
H3withcenpahelix,2,Exit,0.5,50.0,0.1163812875922407
H3withcenpahelix,2,Exit,0.6,60.0,0.04137498470984602
H3withcenpahelix,2,Exit,0.7000000000000001,70.0,0.010206737224944595
H3withcenpahelix,2,Exit,0.8,80.0,0.0007083405297856366
H3withcenpahelix,2,Exit,0.9,90.0,0.00038700281753196086
H3withcenpahelix,3,Entry,0.1,10.0,0.008935353640332828
H3withcenpahelix,3,Entry,0.2,20.0,0.000984712021699054
H3withcenpahelix,3,Entry,0.30000000000000004,30.000000000000004,0.0005628308645608782
H3withcenpahelix,3,Entry,0.4,40.0,0.0013345456308059866
H3withcenpahelix,3,Entry,0.5,50.0,0.001157506589072229
H3withcenpahelix,3,Entry,0.6,60.0,0.0013713966840160066
H3withcenpahelix,3,Entry,0.7000000000000001,70.0,9.001286677031849e-05
H3withcenpahelix,3,Entry,0.8,80.0,0.00034995127054054216
H3withcenpahelix,3,Entry,0.9,90.0,0.0001050588460158097
H3withcenpahelix,3,Exit,0.1,10.0,0.014398016276682263
H3withcenpahelix,3,Exit,0.2,20.0,0.0008012188823615335
H3withcenpahelix,3,Exit,0.30000000000000004,30.000000000000004,0.003828293633636998
H3withcenpahelix,3,Exit,0.4,40.0,0.006762365520796116
H3withcenpahelix,3,Exit,0.5,50.0,0.009242789313704914
H3withcenpahelix,3,Exit,0.6,60.0,0.01038405886077292
H3withcenpahelix,3,Exit,0.7000000000000001,70.0,8.380083323813873e-05
H3withcenpahelix,3,Exit,0.8,80.0,0.001302381773569626
H3withcenpahelix,3,Exit,0.9,90.0,0.00029086661110813163
H3withcenpahelix,4,Entry,0.1,10.0,0.037895688959434834
H3withcenpahelix,4,Entry,0.2,20.0,0.03798885847389653
H3withcenpahelix,4,Entry,0.30000000000000004,30.000000000000004,0.012798325301847605
H3withcenpahelix,4,Entry,0.4,40.0,0.006233954244251579
H3withcenpahelix,4,Entry,0.5,50.0,0.00035262968461529406
H3withcenpahelix,4,Entry,0.6,60.0,0.002388903395246432
H3withcenpahelix,4,Entry,0.7000000000000001,70.0,0.005100842425944789
H3withcenpahelix,4,Entry,0.8,80.0,0.0021205194005030764
H3withcenpahelix,4,Entry,0.9,90.0,0.000493104919782402
H3withcenpahelix,4,Exit,0.1,10.0,0.11468660591883877
H3withcenpahelix,4,Exit,0.2,20.0,0.13359707038037605
H3withcenpahelix,4,Exit,0.30000000000000004,30.000000000000004,0.03282244931124205
H3withcenpahelix,4,Exit,0.4,40.0,0.016807258165455072
H3withcenpahelix,4,Exit,0.5,50.0,0.00032588751351343297
H3withcenpahelix,4,Exit,0.6,60.0,0.006437232973183784
H3withcenpahelix,4,Exit,0.7000000000000001,70.0,0.014244748735111664
H3withcenpahelix,4,Exit,0.8,80.0,0.004853856480207525
H3withcenpahelix,4,Exit,0.9,90.0,0.0009785901957956185
H3withcenpa_latch_helix,1,Entry,0.1,10.0,0.08880914747476475
H3withcenpa_latch_helix,1,Entry,0.2,20.0,0.07445094105380948
H3withcenpa_latch_helix,1,Entry,0.30000000000000004,30.000000000000004,0.03185708257274922
H3withcenpa_latch_helix,1,Entry,0.4,40.0,0.03295143476837431
H3withcenpa_latch_helix,1,Entry,0.5,50.0,0.017039753452720935
H3withcenpa_latch_helix,1,Entry,0.6,60.0,0.008951452695989123
H3withcenpa_latch_helix,1,Entry,0.7000000000000001,70.0,0.00524535384810506
H3withcenpa_latch_helix,1,Entry,0.8,80.0,0.0017336476617286925
H3withcenpa_latch_helix,1,Entry,0.9,90.0,0.00023596881235245757
H3withcenpa_latch_helix,1,Exit,0.1,10.0,0.35895961065986537
H3withcenpa_latch_helix,1,Exit,0.2,20.0,0.27859876954496887
H3withcenpa_latch_helix,1,Exit,0.30000000000000004,30.000000000000004,0.11375030992148659
H3withcenpa_latch_helix,1,Exit,0.4,40.0,0.09713516265243824
H3withcenpa_latch_helix,1,Exit,0.5,50.0,0.04227330991338204
H3withcenpa_latch_helix,1,Exit,0.6,60.0,0.019633972592764157
H3withcenpa_latch_helix,1,Exit,0.7000000000000001,70.0,0.008298021748499092
H3withcenpa_latch_helix,1,Exit,0.8,80.0,0.0033018438471692714
H3withcenpa_latch_helix,1,Exit,0.9,90.0,0.0006669935533464574
H3withcenpa_latch_helix,2,Entry,0.1,10.0,0.022666431672447213
H3withcenpa_latch_helix,2,Entry,0.2,20.0,0.009208014373939642
H3withcenpa_latch_helix,2,Entry,0.30000000000000004,30.000000000000004,0.004045186959928405
H3withcenpa_latch_helix,2,Entry,0.4,40.0,0.0012020121413807358
H3withcenpa_latch_helix,2,Entry,0.5,50.0,0.0007686422275811212
H3withcenpa_latch_helix,2,Entry,0.6,60.0,0.0019885164722778306
H3withcenpa_latch_helix,2,Entry,0.7000000000000001,70.0,0.0010385064006898012
H3withcenpa_latch_helix,2,Entry,0.8,80.0,0.0008148267525863763
H3withcenpa_latch_helix,2,Entry,0.9,90.0,0.00022274075832387136
H3withcenpa_latch_helix,2,Exit,0.1,10.0,0.008044002844584853
H3withcenpa_latch_helix,2,Exit,0.2,20.0,0.002275571448739797
H3withcenpa_latch_helix,2,Exit,0.30000000000000004,30.000000000000004,0.001913628134375167
H3withcenpa_latch_helix,2,Exit,0.4,40.0,0.0011339541768014473
H3withcenpa_latch_helix,2,Exit,0.5,50.0,0.0011481453916142525
H3withcenpa_latch_helix,2,Exit,0.6,60.0,0.0014543209137206172
H3withcenpa_latch_helix,2,Exit,0.7000000000000001,70.0,0.001225627727840114
H3withcenpa_latch_helix,2,Exit,0.8,80.0,0.0007670624685066854
H3withcenpa_latch_helix,2,Exit,0.9,90.0,0.0002721647106103856
H3withcenpa_latch_helix,3,Entry,0.1,10.0,0.15164068343212966
H3withcenpa_latch_helix,3,Entry,0.2,20.0,0.11381063562891858
H3withcenpa_latch_helix,3,Entry,0.30000000000000004,30.000000000000004,0.10051699575463596
H3withcenpa_latch_helix,3,Entry,0.4,40.0,0.05922290937774595
H3withcenpa_latch_helix,3,Entry,0.5,50.0,0.022163396708144337
H3withcenpa_latch_helix,3,Entry,0.6,60.0,0.008796298658601914
H3withcenpa_latch_helix,3,Entry,0.7000000000000001,70.0,0.004955976000010855
H3withcenpa_latch_helix,3,Entry,0.8,80.0,0.0012136050974908216
H3withcenpa_latch_helix,3,Entry,0.9,90.0,0.00014743081304389218
H3withcenpa_latch_helix,3,Exit,0.1,10.0,0.18162934339540038
H3withcenpa_latch_helix,3,Exit,0.2,20.0,0.18414012324442058
H3withcenpa_latch_helix,3,Exit,0.30000000000000004,30.000000000000004,0.18495981767159225
H3withcenpa_latch_helix,3,Exit,0.4,40.0,0.0957064939505223
H3withcenpa_latch_helix,3,Exit,0.5,50.0,0.03388750032755971
H3withcenpa_latch_helix,3,Exit,0.6,60.0,0.012466785073743762
H3withcenpa_latch_helix,3,Exit,0.7000000000000001,70.0,0.007216567926370313
H3withcenpa_latch_helix,3,Exit,0.8,80.0,0.0027087841938557428
H3withcenpa_latch_helix,3,Exit,0.9,90.0,0.000561521566643393
H3withcenpa_latch_helix,4,Entry,0.1,10.0,0.008778850141359604
H3withcenpa_latch_helix,4,Entry,0.2,20.0,0.004180544675894788
H3withcenpa_latch_helix,4,Entry,0.30000000000000004,30.000000000000004,0.01247230411134763
H3withcenpa_latch_helix,4,Entry,0.4,40.0,0.018941215153511732
H3withcenpa_latch_helix,4,Entry,0.5,50.0,0.02410477677710709
H3withcenpa_latch_helix,4,Entry,0.6,60.0,0.024895498990266766
H3withcenpa_latch_helix,4,Entry,0.7000000000000001,70.0,0.018951665089867356
H3withcenpa_latch_helix,4,Entry,0.8,80.0,0.008046011400220033
H3withcenpa_latch_helix,4,Entry,0.9,90.0,0.0015124940530537286
H3withcenpa_latch_helix,4,Exit,0.1,10.0,0.006264846381995398
H3withcenpa_latch_helix,4,Exit,0.2,20.0,0.006149675044222314
H3withcenpa_latch_helix,4,Exit,0.30000000000000004,30.000000000000004,0.006363579056081079
H3withcenpa_latch_helix,4,Exit,0.4,40.0,0.01795119890325054
H3withcenpa_latch_helix,4,Exit,0.5,50.0,0.02883529905634015
H3withcenpa_latch_helix,4,Exit,0.6,60.0,0.03637939262922797
H3withcenpa_latch_helix,4,Exit,0.7000000000000001,70.0,0.031046598144831142
H3withcenpa_latch_helix,4,Exit,0.8,80.0,0.01947179074809446
H3withcenpa_latch_helix,4,Exit,0.9,90.0,0.0033560862645828317
cenpawithH3helix,1,Entry,0.1,10.0,0.09933283894387725
cenpawithH3helix,1,Entry,0.2,20.0,0.029616773975426995
cenpawithH3helix,1,Entry,0.30000000000000004,30.000000000000004,0.021169862000263356
cenpawithH3helix,1,Entry,0.4,40.0,0.015071283574215062
cenpawithH3helix,1,Entry,0.5,50.0,0.005192274907039669
cenpawithH3helix,1,Entry,0.6,60.0,0.0013709887739604648
cenpawithH3helix,1,Entry,0.7000000000000001,70.0,0.00031215821009917947
cenpawithH3helix,1,Entry,0.8,80.0,0.00019069083160818897
cenpawithH3helix,1,Entry,0.9,90.0,8.65755535994088e-05
cenpawithH3helix,1,Exit,0.1,10.0,0.1155004969913793
cenpawithH3helix,1,Exit,0.2,20.0,0.03537816884601979
cenpawithH3helix,1,Exit,0.30000000000000004,30.000000000000004,0.012960291877820886
cenpawithH3helix,1,Exit,0.4,40.0,0.005553302295168651
cenpawithH3helix,1,Exit,0.5,50.0,0.002558315693825574
cenpawithH3helix,1,Exit,0.6,60.0,0.0013569730309315456
cenpawithH3helix,1,Exit,0.7000000000000001,70.0,0.0005819880213206572
cenpawithH3helix,1,Exit,0.8,80.0,0.00020486526591232304
cenpawithH3helix,1,Exit,0.9,90.0,8.166451480103487e-05
cenpawithH3helix,2,Entry,0.1,10.0,0.09450508930382892
cenpawithH3helix,2,Entry,0.2,20.0,0.014526676198652354
cenpawithH3helix,2,Entry,0.30000000000000004,30.000000000000004,0.0011713543207694404
cenpawithH3helix,2,Entry,0.4,40.0,0.002413342195324353
cenpawithH3helix,2,Entry,0.5,50.0,0.004729899781857827
cenpawithH3helix,2,Entry,0.6,60.0,0.006851149913023201
cenpawithH3helix,2,Entry,0.7000000000000001,70.0,0.0013299908040319713
cenpawithH3helix,2,Entry,0.8,80.0,0.0005452043443415209
cenpawithH3helix,2,Entry,0.9,90.0,0.00015765860074864565
cenpawithH3helix,2,Exit,0.1,10.0,0.09304472173581246
cenpawithH3helix,2,Exit,0.2,20.0,0.01940584342828346
cenpawithH3helix,2,Exit,0.30000000000000004,30.000000000000004,0.01681818013600689
cenpawithH3helix,2,Exit,0.4,40.0,0.0172053377237768
cenpawithH3helix,2,Exit,0.5,50.0,0.018333176040272285
cenpawithH3helix,2,Exit,0.6,60.0,0.01913214833279818
cenpawithH3helix,2,Exit,0.7000000000000001,70.0,0.014212626537272989
cenpawithH3helix,2,Exit,0.8,80.0,0.0046760924862571975
cenpawithH3helix,2,Exit,0.9,90.0,0.0009643620921562351
cenpawithH3helix,3,Entry,0.1,10.0,0.005694510056502622
cenpawithH3helix,3,Entry,0.2,20.0,0.005718186374385644
cenpawithH3helix,3,Entry,0.30000000000000004,30.000000000000004,0.003822574223042218
cenpawithH3helix,3,Entry,0.4,40.0,0.004050406622987744
cenpawithH3helix,3,Entry,0.5,50.0,0.004873209007519873
cenpawithH3helix,3,Entry,0.6,60.0,0.0019676941466479246
cenpawithH3helix,3,Entry,0.7000000000000001,70.0,0.0021441752372202087
cenpawithH3helix,3,Entry,0.8,80.0,0.0019456900013217833
cenpawithH3helix,3,Entry,0.9,90.0,0.0013935095164679541
cenpawithH3helix,3,Exit,0.1,10.0,0.007782805147138494
cenpawithH3helix,3,Exit,0.2,20.0,0.0023813441798847274
cenpawithH3helix,3,Exit,0.30000000000000004,30.000000000000004,0.0013232083641883806
cenpawithH3helix,3,Exit,0.4,40.0,0.0010901850468946375
cenpawithH3helix,3,Exit,0.5,50.0,0.00044524759062850006
cenpawithH3helix,3,Exit,0.6,60.0,0.00034160285251525575
cenpawithH3helix,3,Exit,0.7000000000000001,70.0,0.0002442623702300368
cenpawithH3helix,3,Exit,0.8,80.0,0.00011737077570913191
cenpawithH3helix,3,Exit,0.9,90.0,3.0282493360901936e-05
cenpawithH3helix,4,Entry,0.1,10.0,0.06479635526577363
cenpawithH3helix,4,Entry,0.2,20.0,0.01794166405513157
cenpawithH3helix,4,Entry,0.30000000000000004,30.000000000000004,0.006475620721712904
cenpawithH3helix,4,Entry,0.4,40.0,0.0025562583079008754
cenpawithH3helix,4,Entry,0.5,50.0,0.0006504325228824065
cenpawithH3helix,4,Entry,0.6,60.0,0.0002446534800884076
cenpawithH3helix,4,Entry,0.7000000000000001,70.0,0.0002744698877742009
cenpawithH3helix,4,Entry,0.8,80.0,0.0004136879408946436
cenpawithH3helix,4,Entry,0.9,90.0,5.3632709090953344e-05
cenpawithH3helix,4,Exit,0.1,10.0,0.002858876241275215
cenpawithH3helix,4,Exit,0.2,20.0,0.0011726002907563643
cenpawithH3helix,4,Exit,0.30000000000000004,30.000000000000004,0.0009519494018424789
cenpawithH3helix,4,Exit,0.4,40.0,0.0009078553892294863
cenpawithH3helix,4,Exit,0.5,50.0,0.000586320318968354
cenpawithH3helix,4,Exit,0.6,60.0,0.00041407983354637215
cenpawithH3helix,4,Exit,0.7000000000000001,70.0,0.0005737318393788178
cenpawithH3helix,4,Exit,0.8,80.0,0.0001907265453149385
cenpawithH3helix,4,Exit,0.9,90.0,4.934451609959906e-05
cenpawithH3_latch_helix,1,Entry,0.1,10.0,0.2577325146444256
cenpawithH3_latch_helix,1,Entry,0.2,20.0,0.09847688257599811
cenpawithH3_latch_helix,1,Entry,0.30000000000000004,30.000000000000004,0.035742878697070476
cenpawithH3_latch_helix,1,Entry,0.4,40.0,0.012212690455634962
cenpawithH3_latch_helix,1,Entry,0.5,50.0,0.00387718803263887
cenpawithH3_latch_helix,1,Entry,0.6,60.0,0.00132974931034586
cenpawithH3_latch_helix,1,Entry,0.7000000000000001,70.0,0.0005083367373730338
cenpawithH3_latch_helix,1,Entry,0.8,80.0,0.00047566519300594706
cenpawithH3_latch_helix,1,Entry,0.9,90.0,0.000544466886415418
cenpawithH3_latch_helix,1,Exit,0.1,10.0,0.4012498403397512
cenpawithH3_latch_helix,1,Exit,0.2,20.0,0.1445841304140461
cenpawithH3_latch_helix,1,Exit,0.30000000000000004,30.000000000000004,0.050296513958448585
cenpawithH3_latch_helix,1,Exit,0.4,40.0,0.019284715756362522
cenpawithH3_latch_helix,1,Exit,0.5,50.0,0.009126374938651812
cenpawithH3_latch_helix,1,Exit,0.6,60.0,0.003981302815858964
cenpawithH3_latch_helix,1,Exit,0.7000000000000001,70.0,0.0019438508431057684
cenpawithH3_latch_helix,1,Exit,0.8,80.0,0.0008512433875325397
cenpawithH3_latch_helix,1,Exit,0.9,90.0,0.00031705518733533616
cenpawithH3_latch_helix,2,Entry,0.1,10.0,0.22189454667760763
cenpawithH3_latch_helix,2,Entry,0.2,20.0,0.10240146161489794
cenpawithH3_latch_helix,2,Entry,0.30000000000000004,30.000000000000004,0.06326845894237963
cenpawithH3_latch_helix,2,Entry,0.4,40.0,0.033361689292674135
cenpawithH3_latch_helix,2,Entry,0.5,50.0,0.005319825764380753
cenpawithH3_latch_helix,2,Entry,0.6,60.0,0.005714950867555223
cenpawithH3_latch_helix,2,Entry,0.7000000000000001,70.0,0.008051074281919847
cenpawithH3_latch_helix,2,Entry,0.8,80.0,0.0036262678470184513
cenpawithH3_latch_helix,2,Entry,0.9,90.0,0.00110365968600403
cenpawithH3_latch_helix,2,Exit,0.1,10.0,0.5520794826349982
cenpawithH3_latch_helix,2,Exit,0.2,20.0,0.15550086609668332
cenpawithH3_latch_helix,2,Exit,0.30000000000000004,30.000000000000004,0.0618147747231614
cenpawithH3_latch_helix,2,Exit,0.4,40.0,0.029348678545676573
cenpawithH3_latch_helix,2,Exit,0.5,50.0,0.013675550791130968
cenpawithH3_latch_helix,2,Exit,0.6,60.0,0.007155870608616855
cenpawithH3_latch_helix,2,Exit,0.7000000000000001,70.0,0.0032873808298739013
cenpawithH3_latch_helix,2,Exit,0.8,80.0,0.0011542103416476125
cenpawithH3_latch_helix,2,Exit,0.9,90.0,0.00025836989319677836
cenpawithH3_latch_helix,3,Entry,0.1,10.0,0.11729867365996
cenpawithH3_latch_helix,3,Entry,0.2,20.0,0.10336989954396049
cenpawithH3_latch_helix,3,Entry,0.30000000000000004,30.000000000000004,0.03378339706620685
cenpawithH3_latch_helix,3,Entry,0.4,40.0,0.012018434620000202
cenpawithH3_latch_helix,3,Entry,0.5,50.0,0.004270516931040175
cenpawithH3_latch_helix,3,Entry,0.6,60.0,0.0012098188261150987
cenpawithH3_latch_helix,3,Entry,0.7000000000000001,70.0,0.000314900695982439
cenpawithH3_latch_helix,3,Entry,0.8,80.0,0.000536355833232633
cenpawithH3_latch_helix,3,Entry,0.9,90.0,0.00022211325560654894
cenpawithH3_latch_helix,3,Exit,0.1,10.0,0.09124720335041603
cenpawithH3_latch_helix,3,Exit,0.2,20.0,0.030928781130282038
cenpawithH3_latch_helix,3,Exit,0.30000000000000004,30.000000000000004,0.012486021360108292
cenpawithH3_latch_helix,3,Exit,0.4,40.0,0.005946564695987118
cenpawithH3_latch_helix,3,Exit,0.5,50.0,0.002828294017267654
cenpawithH3_latch_helix,3,Exit,0.6,60.0,0.001633816596173546
cenpawithH3_latch_helix,3,Exit,0.7000000000000001,70.0,0.0008567701550547164
cenpawithH3_latch_helix,3,Exit,0.8,80.0,0.0002500164110123739
cenpawithH3_latch_helix,3,Exit,0.9,90.0,9.578177538659388e-05
cenpawithH3_latch_helix,4,Entry,0.1,10.0,0.013544416343367706
cenpawithH3_latch_helix,4,Entry,0.2,20.0,0.01119360002842685
cenpawithH3_latch_helix,4,Entry,0.30000000000000004,30.000000000000004,0.02018918169512336
cenpawithH3_latch_helix,4,Entry,0.4,40.0,0.0006108725045489375
cenpawithH3_latch_helix,4,Entry,0.5,50.0,0.00026697199103101557
cenpawithH3_latch_helix,4,Entry,0.6,60.0,0.0013605866590954735
cenpawithH3_latch_helix,4,Entry,0.7000000000000001,70.0,0.00017701023829505032
cenpawithH3_latch_helix,4,Entry,0.8,80.0,0.00024080309892529866
cenpawithH3_latch_helix,4,Entry,0.9,90.0,0.00019445142774624137
cenpawithH3_latch_helix,4,Exit,0.1,10.0,0.039805889083906684
cenpawithH3_latch_helix,4,Exit,0.2,20.0,0.034991867215025695
cenpawithH3_latch_helix,4,Exit,0.30000000000000004,30.000000000000004,0.015729056514255848
cenpawithH3_latch_helix,4,Exit,0.4,40.0,0.006332518259767427
cenpawithH3_latch_helix,4,Exit,0.5,50.0,0.003271208447740673
cenpawithH3_latch_helix,4,Exit,0.6,60.0,0.003068063946190909
cenpawithH3_latch_helix,4,Exit,0.7000000000000001,70.0,0.00112906241140893
cenpawithH3_latch_helix,4,Exit,0.8,80.0,0.0006121042688336508
cenpawithH3_latch_helix,4,Exit,0.9,90.0,6.0273351077106714e-05
H3withcenpalatch,1,Entry,0.1,10.0,0.09464118463095558
H3withcenpalatch,1,Entry,0.2,20.0,0.02984368023526449
H3withcenpalatch,1,Entry,0.30000000000000004,30.000000000000004,0.012515953193472706
H3withcenpalatch,1,Entry,0.4,40.0,0.00571437346689448
H3withcenpalatch,1,Entry,0.5,50.0,0.002279611032889095
H3withcenpalatch,1,Entry,0.6,60.0,0.0011240389338587602
H3withcenpalatch,1,Entry,0.7000000000000001,70.0,0.00032944474985654277
H3withcenpalatch,1,Entry,0.8,80.0,0.0001728766433165383
H3withcenpalatch,1,Entry,0.9,90.0,4.3560219335646904e-05
H3withcenpalatch,1,Exit,0.1,10.0,0.12083593658471939
H3withcenpalatch,1,Exit,0.2,20.0,0.036497111398016244
H3withcenpalatch,1,Exit,0.30000000000000004,30.000000000000004,0.017934816961179066
H3withcenpalatch,1,Exit,0.4,40.0,0.007718604399723954
H3withcenpalatch,1,Exit,0.5,50.0,0.004012338167888348
H3withcenpalatch,1,Exit,0.6,60.0,0.0019446797650783105
H3withcenpalatch,1,Exit,0.7000000000000001,70.0,0.0008528149056688525
H3withcenpalatch,1,Exit,0.8,80.0,0.00042509600805288163
H3withcenpalatch,1,Exit,0.9,90.0,8.882771568636909e-05
H3withcenpalatch,2,Entry,0.1,10.0,0.007616050220246598
H3withcenpalatch,2,Entry,0.2,20.0,0.005565530410369729
H3withcenpalatch,2,Entry,0.30000000000000004,30.000000000000004,0.0006337268694028798
H3withcenpalatch,2,Entry,0.4,40.0,0.0007745039283115201
H3withcenpalatch,2,Entry,0.5,50.0,0.0003167429175786308
H3withcenpalatch,2,Entry,0.6,60.0,0.0001456296706505096
H3withcenpalatch,2,Entry,0.7000000000000001,70.0,0.00019121398860660766
H3withcenpalatch,2,Entry,0.8,80.0,8.920373796489776e-05
H3withcenpalatch,2,Entry,0.9,90.0,1.2246222155112819e-05
H3withcenpalatch,2,Exit,0.1,10.0,0.004574435722646886
H3withcenpalatch,2,Exit,0.2,20.0,0.0015408572494742144
H3withcenpalatch,2,Exit,0.30000000000000004,30.000000000000004,0.0004877350545940969
H3withcenpalatch,2,Exit,0.4,40.0,0.0005402739311995962
H3withcenpalatch,2,Exit,0.5,50.0,0.0002503449395762004
H3withcenpalatch,2,Exit,0.6,60.0,0.00014493654958581438
H3withcenpalatch,2,Exit,0.7000000000000001,70.0,9.343861513943988e-05
H3withcenpalatch,2,Exit,0.8,80.0,2.203982356141627e-05
H3withcenpalatch,2,Exit,0.9,90.0,3.4668188191090255e-05
H3withcenpalatch,3,Entry,0.1,10.0,0.015927636125411943
H3withcenpalatch,3,Entry,0.2,20.0,0.0006789282444652591
H3withcenpalatch,3,Entry,0.30000000000000004,30.000000000000004,0.001138686479574079
H3withcenpalatch,3,Entry,0.4,40.0,0.00014275919569778584
H3withcenpalatch,3,Entry,0.5,50.0,0.0011067927493982358
H3withcenpalatch,3,Entry,0.6,60.0,0.0028774915525062407
H3withcenpalatch,3,Entry,0.7000000000000001,70.0,0.0006037534710722214
H3withcenpalatch,3,Entry,0.8,80.0,0.00010364124208596761
H3withcenpalatch,3,Entry,0.9,90.0,3.230554565128155e-05
H3withcenpalatch,3,Exit,0.1,10.0,0.005239242896489805
H3withcenpalatch,3,Exit,0.2,20.0,0.0019127450114356699
H3withcenpalatch,3,Exit,0.30000000000000004,30.000000000000004,0.0006720045955382595
H3withcenpalatch,3,Exit,0.4,40.0,0.0004016890351850101
H3withcenpalatch,3,Exit,0.5,50.0,0.0007088629982324917
H3withcenpalatch,3,Exit,0.6,60.0,0.00045546326813310553
H3withcenpalatch,3,Exit,0.7000000000000001,70.0,0.00019857011843367727
H3withcenpalatch,3,Exit,0.8,80.0,4.176861091094868e-05
H3withcenpalatch,3,Exit,0.9,90.0,1.591978636297554e-05
H3withcenpalatch,4,Entry,0.1,10.0,0.00499774000449123
H3withcenpalatch,4,Entry,0.2,20.0,0.011795701249449593
H3withcenpalatch,4,Entry,0.30000000000000004,30.000000000000004,0.0020587754066743293
H3withcenpalatch,4,Entry,0.4,40.0,0.0004215078505644623
H3withcenpalatch,4,Entry,0.5,50.0,0.0002051854129346327
H3withcenpalatch,4,Entry,0.6,60.0,0.0008092780203130345
H3withcenpalatch,4,Entry,0.7000000000000001,70.0,0.00017325946898035638
H3withcenpalatch,4,Entry,0.8,80.0,0.0001522372447083256
H3withcenpalatch,4,Entry,0.9,90.0,3.511346396595318e-05
H3withcenpalatch,4,Exit,0.1,10.0,0.009661068727297661
H3withcenpalatch,4,Exit,0.2,20.0,0.005921703279832074
H3withcenpalatch,4,Exit,0.30000000000000004,30.000000000000004,0.0023947465023455307
H3withcenpalatch,4,Exit,0.4,40.0,0.0024837244539736704
H3withcenpalatch,4,Exit,0.5,50.0,0.0012396001800077303
H3withcenpalatch,4,Exit,0.6,60.0,0.0011347419368155532
H3withcenpalatch,4,Exit,0.7000000000000001,70.0,0.00034933247102884646
H3withcenpalatch,4,Exit,0.8,80.0,0.00010269436902511506
H3withcenpalatch,4,Exit,0.9,90.0,5.5937065320604086e-05
ltH3core,1,Entry,0.1,10.0,0.1009162908701805
ltH3core,1,Entry,0.2,20.0,0.009961417028017755
ltH3core,1,Entry,0.30000000000000004,30.000000000000004,0.0019982913897965303
ltH3core,1,Entry,0.4,40.0,0.001210713019705977
ltH3core,1,Entry,0.5,50.0,0.0015694724361185785
ltH3core,1,Entry,0.6,60.0,0.00409939978290795
ltH3core,1,Entry,0.7000000000000001,70.0,0.0003069819426440063
ltH3core,1,Entry,0.8,80.0,0.001464763871690276
ltH3core,1,Entry,0.9,90.0,7.605995380728975e-05
ltH3core,1,Exit,0.1,10.0,0.017101787724919226
ltH3core,1,Exit,0.2,20.0,0.00170008028648682
ltH3core,1,Exit,0.30000000000000004,30.000000000000004,0.002634500920947236
ltH3core,1,Exit,0.4,40.0,0.0038789548988861005
ltH3core,1,Exit,0.5,50.0,0.004081685126969931
ltH3core,1,Exit,0.6,60.0,0.0009135223025560369
ltH3core,1,Exit,0.7000000000000001,70.0,0.0018082301583666354
ltH3core,1,Exit,0.8,80.0,0.003259195351890131
ltH3core,1,Exit,0.9,90.0,0.00027915704745860945
ltH3core,2,Entry,0.1,10.0,0.022165082684486845
ltH3core,2,Entry,0.2,20.0,0.026115901200212878
ltH3core,2,Entry,0.30000000000000004,30.000000000000004,0.018260231612844645
ltH3core,2,Entry,0.4,40.0,0.01586129258922034
ltH3core,2,Entry,0.5,50.0,0.012425706149325989
ltH3core,2,Entry,0.6,60.0,0.005663130068887828
ltH3core,2,Entry,0.7000000000000001,70.0,0.008183694609790095
ltH3core,2,Entry,0.8,80.0,0.003407978815995207
ltH3core,2,Entry,0.9,90.0,0.0005563208579613098
ltH3core,2,Exit,0.1,10.0,0.02947231348380902
ltH3core,2,Exit,0.2,20.0,0.06333384082805825
ltH3core,2,Exit,0.30000000000000004,30.000000000000004,0.03841704677324581
ltH3core,2,Exit,0.4,40.0,0.05264774390399274
ltH3core,2,Exit,0.5,50.0,0.05606008386428364
ltH3core,2,Exit,0.6,60.0,0.04046999733339289
ltH3core,2,Exit,0.7000000000000001,70.0,0.04477553186807247
ltH3core,2,Exit,0.8,80.0,0.020757683552896672
ltH3core,2,Exit,0.9,90.0,0.0037815154343906043
ltH3core,3,Entry,0.1,10.0,0.050275044616140005
ltH3core,3,Entry,0.2,20.0,0.012832623910235224
ltH3core,3,Entry,0.30000000000000004,30.000000000000004,0.004255232991554753
ltH3core,3,Entry,0.4,40.0,0.0025216691840152976
ltH3core,3,Entry,0.5,50.0,0.003597403856847428
ltH3core,3,Entry,0.6,60.0,0.0030332555085628467
ltH3core,3,Entry,0.7000000000000001,70.0,0.0031162152434021503
ltH3core,3,Entry,0.8,80.0,0.002552969812872935
ltH3core,3,Entry,0.9,90.0,0.0020210635789858055
ltH3core,3,Exit,0.1,10.0,0.1700104801642392
ltH3core,3,Exit,0.2,20.0,0.024020952784639938
ltH3core,3,Exit,0.30000000000000004,30.000000000000004,0.004610842763413985
ltH3core,3,Exit,0.4,40.0,0.002499493409764253
ltH3core,3,Exit,0.5,50.0,0.016258073074029936
ltH3core,3,Exit,0.6,60.0,0.007313718297830632
ltH3core,3,Exit,0.7000000000000001,70.0,0.0035765270482695398
ltH3core,3,Exit,0.8,80.0,0.0015616118948122704
ltH3core,3,Exit,0.9,90.0,0.00024651942761947954
ltH3core,4,Entry,0.1,10.0,0.06456425127986277
ltH3core,4,Entry,0.2,20.0,0.07045125286055051
ltH3core,4,Entry,0.30000000000000004,30.000000000000004,0.05089114681080401
ltH3core,4,Entry,0.4,40.0,0.05341419976355671
ltH3core,4,Entry,0.5,50.0,0.043638045985590304
ltH3core,4,Entry,0.6,60.0,0.013738873317284853
ltH3core,4,Entry,0.7000000000000001,70.0,0.015428890309273188
ltH3core,4,Entry,0.8,80.0,0.016606840827562423
ltH3core,4,Entry,0.9,90.0,0.0031687565739156836
ltH3core,4,Exit,0.1,10.0,0.0901059895584981
ltH3core,4,Exit,0.2,20.0,0.09318368352675194
ltH3core,4,Exit,0.30000000000000004,30.000000000000004,0.048328093573886094
ltH3core,4,Exit,0.4,40.0,0.05711754577619345
ltH3core,4,Exit,0.5,50.0,0.030520940874141797
ltH3core,4,Exit,0.6,60.0,0.00828330216501666
ltH3core,4,Exit,0.7000000000000001,70.0,0.00850561784658714
ltH3core,4,Exit,0.8,80.0,0.008067260300552445
ltH3core,4,Exit,0.9,90.0,0.0015667724159721765
cenpawithH3latch,1,Entry,0.1,10.0,0.0013311733121758097
cenpawithH3latch,1,Entry,0.2,20.0,0.008201118732340272
cenpawithH3latch,1,Entry,0.30000000000000004,30.000000000000004,0.001955403717178573
cenpawithH3latch,1,Entry,0.4,40.0,0.0017592912362595328
cenpawithH3latch,1,Entry,0.5,50.0,0.0050264878660834615
cenpawithH3latch,1,Entry,0.6,60.0,0.00310549829090473
cenpawithH3latch,1,Entry,0.7000000000000001,70.0,0.00035477390339168927
cenpawithH3latch,1,Entry,0.8,80.0,0.0006713586321654081
cenpawithH3latch,1,Entry,0.9,90.0,0.0004167514836324101
cenpawithH3latch,1,Exit,0.1,10.0,0.007418041663118952
cenpawithH3latch,1,Exit,0.2,20.0,0.01761167150799276
cenpawithH3latch,1,Exit,0.30000000000000004,30.000000000000004,0.007490343725052443
cenpawithH3latch,1,Exit,0.4,40.0,0.006800515381381518
cenpawithH3latch,1,Exit,0.5,50.0,0.008824701254920025
cenpawithH3latch,1,Exit,0.6,60.0,0.00491730360313904
cenpawithH3latch,1,Exit,0.7000000000000001,70.0,0.00041981607168454593
cenpawithH3latch,1,Exit,0.8,80.0,0.00040793026841572056
cenpawithH3latch,1,Exit,0.9,90.0,0.00024214495612293873
cenpawithH3latch,2,Entry,0.1,10.0,0.0013440190564236749
cenpawithH3latch,2,Entry,0.2,20.0,0.0026108091549606753
cenpawithH3latch,2,Entry,0.30000000000000004,30.000000000000004,0.0016413914845146774
cenpawithH3latch,2,Entry,0.4,40.0,0.000591553748021165
cenpawithH3latch,2,Entry,0.5,50.0,0.0004361253261570626
cenpawithH3latch,2,Entry,0.6,60.0,0.0006745966084533076
cenpawithH3latch,2,Entry,0.7000000000000001,70.0,0.00023844422498151528
cenpawithH3latch,2,Entry,0.8,80.0,6.396434086875541e-05
cenpawithH3latch,2,Entry,0.9,90.0,0.00025613591992387113
cenpawithH3latch,2,Exit,0.1,10.0,0.012238930435022003
cenpawithH3latch,2,Exit,0.2,20.0,0.005249031881795614
cenpawithH3latch,2,Exit,0.30000000000000004,30.000000000000004,0.004856687874610577
cenpawithH3latch,2,Exit,0.4,40.0,0.0016016212181533974
cenpawithH3latch,2,Exit,0.5,50.0,0.0013436348496041882
cenpawithH3latch,2,Exit,0.6,60.0,0.00017590971272868675
cenpawithH3latch,2,Exit,0.7000000000000001,70.0,0.0001514816330556815
cenpawithH3latch,2,Exit,0.8,80.0,6.86342008868332e-05
cenpawithH3latch,2,Exit,0.9,90.0,7.787246570082173e-05
cenpawithH3latch,3,Entry,0.1,10.0,0.014236721296023009
cenpawithH3latch,3,Entry,0.2,20.0,0.0193689826610561
cenpawithH3latch,3,Entry,0.30000000000000004,30.000000000000004,0.01393454287302191
cenpawithH3latch,3,Entry,0.4,40.0,0.008920385402510032
cenpawithH3latch,3,Entry,0.5,50.0,0.009360481911704358
cenpawithH3latch,3,Entry,0.6,60.0,0.006013547318204299
cenpawithH3latch,3,Entry,0.7000000000000001,70.0,0.0040787844674975635
cenpawithH3latch,3,Entry,0.8,80.0,0.0031683001449044597
cenpawithH3latch,3,Entry,0.9,90.0,4.335492343049153e-05
cenpawithH3latch,3,Exit,0.1,10.0,0.013034171308992622
cenpawithH3latch,3,Exit,0.2,20.0,0.009037969438035084
cenpawithH3latch,3,Exit,0.30000000000000004,30.000000000000004,0.00379441032517822
cenpawithH3latch,3,Exit,0.4,40.0,0.0019942749413320703
cenpawithH3latch,3,Exit,0.5,50.0,0.000903943023085414
cenpawithH3latch,3,Exit,0.6,60.0,0.000602546252391909
cenpawithH3latch,3,Exit,0.7000000000000001,70.0,0.00021425824853706034
cenpawithH3latch,3,Exit,0.8,80.0,0.0001457229878006571
cenpawithH3latch,3,Exit,0.9,90.0,9.918353318993136e-05
cenpawithH3latch,4,Entry,0.1,10.0,0.0444782111501732
cenpawithH3latch,4,Entry,0.2,20.0,0.02135319078862447
cenpawithH3latch,4,Entry,0.30000000000000004,30.000000000000004,0.023921879414071208
cenpawithH3latch,4,Entry,0.4,40.0,0.007550173457883036
cenpawithH3latch,4,Entry,0.5,50.0,0.0017808851958752237
cenpawithH3latch,4,Entry,0.6,60.0,0.0012109354816233387
cenpawithH3latch,4,Entry,0.7000000000000001,70.0,0.00048654014967856223
cenpawithH3latch,4,Entry,0.8,80.0,0.00020906412142371425
cenpawithH3latch,4,Entry,0.9,90.0,4.781575256208645e-05
cenpawithH3latch,4,Exit,0.1,10.0,0.06604548249920866
cenpawithH3latch,4,Exit,0.2,20.0,0.08071548544780113
cenpawithH3latch,4,Exit,0.30000000000000004,30.000000000000004,0.06371236045239295
cenpawithH3latch,4,Exit,0.4,40.0,0.029048458102037548
cenpawithH3latch,4,Exit,0.5,50.0,0.010968354025933632
cenpawithH3latch,4,Exit,0.6,60.0,0.005266610114107352
cenpawithH3latch,4,Exit,0.7000000000000001,70.0,0.002660243489807065
cenpawithH3latch,4,Exit,0.8,80.0,0.0012587880764719749
cenpawithH3latch,4,Exit,0.9,90.0,0.00021500022507789048
ltcenpacore,1,Entry,0.1,10.0,0.055594214990528
ltcenpacore,1,Entry,0.2,20.0,0.011741840833840674
ltcenpacore,1,Entry,0.30000000000000004,30.000000000000004,0.01675694690637172
ltcenpacore,1,Entry,0.4,40.0,0.01267700217443262
ltcenpacore,1,Entry,0.5,50.0,0.006395373348850189
ltcenpacore,1,Entry,0.6,60.0,0.003013678101096873
ltcenpacore,1,Entry,0.7000000000000001,70.0,0.0011027346395167542
ltcenpacore,1,Entry,0.8,80.0,0.0004026177665090713
ltcenpacore,1,Entry,0.9,90.0,6.035247172354754e-05
ltcenpacore,1,Exit,0.1,10.0,0.011966659359019423
ltcenpacore,1,Exit,0.2,20.0,0.0025690829209618843
ltcenpacore,1,Exit,0.30000000000000004,30.000000000000004,0.0028021611826029172
ltcenpacore,1,Exit,0.4,40.0,0.001723188235357455
ltcenpacore,1,Exit,0.5,50.0,0.0007959849972459151
ltcenpacore,1,Exit,0.6,60.0,0.00026435387682680023
ltcenpacore,1,Exit,0.7000000000000001,70.0,9.108014602715543e-05
ltcenpacore,1,Exit,0.8,80.0,6.564783105909302e-05
ltcenpacore,1,Exit,0.9,90.0,2.6754313119429224e-05
ltcenpacore,2,Entry,0.1,10.0,0.07689452006646588
ltcenpacore,2,Entry,0.2,20.0,0.06483343207421718
ltcenpacore,2,Entry,0.30000000000000004,30.000000000000004,0.07823504181635395
ltcenpacore,2,Entry,0.4,40.0,0.031096474334505103
ltcenpacore,2,Entry,0.5,50.0,0.011803039880719832
ltcenpacore,2,Entry,0.6,60.0,0.008359852962740128
ltcenpacore,2,Entry,0.7000000000000001,70.0,0.003093943778053925
ltcenpacore,2,Entry,0.8,80.0,0.0009501675265034006
ltcenpacore,2,Entry,0.9,90.0,0.0001724931352238134
ltcenpacore,2,Exit,0.1,10.0,0.01103131606308603
ltcenpacore,2,Exit,0.2,20.0,0.012797422402351382
ltcenpacore,2,Exit,0.30000000000000004,30.000000000000004,0.013554571073425357
ltcenpacore,2,Exit,0.4,40.0,0.006964093450626447
ltcenpacore,2,Exit,0.5,50.0,0.0029975350559312644
ltcenpacore,2,Exit,0.6,60.0,0.0023138655199077835
ltcenpacore,2,Exit,0.7000000000000001,70.0,0.0014003946223415827
ltcenpacore,2,Exit,0.8,80.0,0.0005336551282184579
ltcenpacore,2,Exit,0.9,90.0,0.0002060276151390327
ltcenpacore,3,Entry,0.1,10.0,0.0596492568347966
ltcenpacore,3,Entry,0.2,20.0,0.01520239266621145
ltcenpacore,3,Entry,0.30000000000000004,30.000000000000004,0.006404186787377596
ltcenpacore,3,Entry,0.4,40.0,0.01837511938658864
ltcenpacore,3,Entry,0.5,50.0,0.035912954354916905
ltcenpacore,3,Entry,0.6,60.0,0.03870622324292983
ltcenpacore,3,Entry,0.7000000000000001,70.0,0.02351731293511403
ltcenpacore,3,Entry,0.8,80.0,0.008288726419193964
ltcenpacore,3,Entry,0.9,90.0,0.001453243330985497
ltcenpacore,3,Exit,0.1,10.0,0.11961274686675187
ltcenpacore,3,Exit,0.2,20.0,0.03420708692505131
ltcenpacore,3,Exit,0.30000000000000004,30.000000000000004,0.020000682228693854
ltcenpacore,3,Exit,0.4,40.0,0.035187277944247905
ltcenpacore,3,Exit,0.5,50.0,0.05911361892461081
ltcenpacore,3,Exit,0.6,60.0,0.03960761047997749
ltcenpacore,3,Exit,0.7000000000000001,70.0,0.014961750952691616
ltcenpacore,3,Exit,0.8,80.0,0.005082053572781622
ltcenpacore,3,Exit,0.9,90.0,0.0011324180671811435
ltcenpacore,4,Entry,0.1,10.0,0.01268495006841959
ltcenpacore,4,Entry,0.2,20.0,0.004662014245126638
ltcenpacore,4,Entry,0.30000000000000004,30.000000000000004,0.00408212026796563
ltcenpacore,4,Entry,0.4,40.0,0.005430127125459552
ltcenpacore,4,Entry,0.5,50.0,0.0015386744636693415
ltcenpacore,4,Entry,0.6,60.0,0.002387239679145078
ltcenpacore,4,Entry,0.7000000000000001,70.0,0.0011145109881121017
ltcenpacore,4,Entry,0.8,80.0,0.0010853522929100655
ltcenpacore,4,Entry,0.9,90.0,0.00019309605874642816
ltcenpacore,4,Exit,0.1,10.0,0.008408638890701665
ltcenpacore,4,Exit,0.2,20.0,0.0026227457354568093
ltcenpacore,4,Exit,0.30000000000000004,30.000000000000004,0.0033348677720897463
ltcenpacore,4,Exit,0.4,40.0,0.0047449800383075
ltcenpacore,4,Exit,0.5,50.0,0.000532379822445936
ltcenpacore,4,Exit,0.6,60.0,0.00438953285168198
ltcenpacore,4,Exit,0.7000000000000001,70.0,0.001867872962340117
ltcenpacore,4,Exit,0.8,80.0,0.000813199697523538
ltcenpacore,4,Exit,0.9,90.0,0.00023783768306704267
stH3core,1,Entry,0.1,10.0,0.029254693410939808
stH3core,1,Entry,0.2,20.0,0.02169385755652057
stH3core,1,Entry,0.30000000000000004,30.000000000000004,0.011601636675604838
stH3core,1,Entry,0.4,40.0,0.01678526385275171
stH3core,1,Entry,0.5,50.0,0.02316681662453731
stH3core,1,Entry,0.6,60.0,0.008103419844855912
stH3core,1,Entry,0.7000000000000001,70.0,0.00228104933197661
stH3core,1,Entry,0.8,80.0,0.0010015407956870971
stH3core,1,Entry,0.9,90.0,0.00043130722217525304
stH3core,1,Exit,0.1,10.0,0.09553668484131933
stH3core,1,Exit,0.2,20.0,0.0905695713127443
stH3core,1,Exit,0.30000000000000004,30.000000000000004,0.061692798484979924
stH3core,1,Exit,0.4,40.0,0.08134622717171544
stH3core,1,Exit,0.5,50.0,0.09899857051014109
stH3core,1,Exit,0.6,60.0,0.03436466419252479
stH3core,1,Exit,0.7000000000000001,70.0,0.009050640457039814
stH3core,1,Exit,0.8,80.0,0.0024036375591886573
stH3core,1,Exit,0.9,90.0,0.001755667295117227
stH3core,2,Entry,0.1,10.0,0.0054491615461336445
stH3core,2,Entry,0.2,20.0,0.002243764159566564
stH3core,2,Entry,0.30000000000000004,30.000000000000004,0.0005208312425272822
stH3core,2,Entry,0.4,40.0,0.0017820974556987503
stH3core,2,Entry,0.5,50.0,0.0015309825758306889
stH3core,2,Entry,0.6,60.0,0.00015561707765018157
stH3core,2,Entry,0.7000000000000001,70.0,0.0003116259244273717
stH3core,2,Entry,0.8,80.0,0.0004341501583655147
stH3core,2,Entry,0.9,90.0,7.542311926018137e-06
stH3core,2,Exit,0.1,10.0,0.06327717946237994
stH3core,2,Exit,0.2,20.0,0.01591577655020402
stH3core,2,Exit,0.30000000000000004,30.000000000000004,0.00090729437859505
stH3core,2,Exit,0.4,40.0,0.003453514252822921
stH3core,2,Exit,0.5,50.0,0.006472318781554399
stH3core,2,Exit,0.6,60.0,0.0006516839282957441
stH3core,2,Exit,0.7000000000000001,70.0,0.001791991774875515
stH3core,2,Exit,0.8,80.0,0.0032201569839448952
stH3core,2,Exit,0.9,90.0,7.576958174835047e-05
stH3core,3,Entry,0.1,10.0,0.013150865489271024
stH3core,3,Entry,0.2,20.0,0.0012313787208861856
stH3core,3,Entry,0.30000000000000004,30.000000000000004,0.011797612232641724
stH3core,3,Entry,0.4,40.0,0.0066332776056669705
stH3core,3,Entry,0.5,50.0,0.0016195553112185674
stH3core,3,Entry,0.6,60.0,0.0002501597145452457
stH3core,3,Entry,0.7000000000000001,70.0,0.0005694169226643274
stH3core,3,Entry,0.8,80.0,0.0006585492841169029
stH3core,3,Entry,0.9,90.0,0.00013309607272037798
stH3core,3,Exit,0.1,10.0,0.1409972325872108
stH3core,3,Exit,0.2,20.0,0.0035021489589051723
stH3core,3,Exit,0.30000000000000004,30.000000000000004,0.03504257952840908
stH3core,3,Exit,0.4,40.0,0.02188697214288649
stH3core,3,Exit,0.5,50.0,0.005000539653559744
stH3core,3,Exit,0.6,60.0,0.0006530602301343515
stH3core,3,Exit,0.7000000000000001,70.0,0.0014277637333630928
stH3core,3,Exit,0.8,80.0,0.00196079073680064
stH3core,3,Exit,0.9,90.0,0.0005463796568983556
stH3core,4,Entry,0.1,10.0,0.019696626322409008
stH3core,4,Entry,0.2,20.0,0.0013234613771353544
stH3core,4,Entry,0.30000000000000004,30.000000000000004,0.006015566862286987
stH3core,4,Entry,0.4,40.0,0.009242863567276266
stH3core,4,Entry,0.5,50.0,0.011568838515358195
stH3core,4,Entry,0.6,60.0,0.00633790182577878
stH3core,4,Entry,0.7000000000000001,70.0,0.001525323868588578
stH3core,4,Entry,0.8,80.0,0.00017103860966543097
stH3core,4,Entry,0.9,90.0,0.0007630898394601741
stH3core,4,Exit,0.1,10.0,0.06898859439571864
stH3core,4,Exit,0.2,20.0,0.0024862919647144505
stH3core,4,Exit,0.30000000000000004,30.000000000000004,0.017571281996963707
stH3core,4,Exit,0.4,40.0,0.03685836801178654
stH3core,4,Exit,0.5,50.0,0.05525315475934414
stH3core,4,Exit,0.6,60.0,0.029315898594823114
stH3core,4,Exit,0.7000000000000001,70.0,0.006071344249600084
stH3core,4,Exit,0.8,80.0,0.0006238537528499657
stH3core,4,Exit,0.9,90.0,0.0026662986891104056
thruhelixH3,1,Entry,0.1,10.0,0.03212484904754724
thruhelixH3,1,Entry,0.2,20.0,0.010539838265209284
thruhelixH3,1,Entry,0.30000000000000004,30.000000000000004,0.004312230039832759
thruhelixH3,1,Entry,0.4,40.0,0.006510089300546552
thruhelixH3,1,Entry,0.5,50.0,0.0027990875325890605
thruhelixH3,1,Entry,0.6,60.0,0.0025981167707792635
thruhelixH3,1,Entry,0.7000000000000001,70.0,0.0015296120992158025
thruhelixH3,1,Entry,0.8,80.0,0.00042502673692569365
thruhelixH3,1,Entry,0.9,90.0,0.00015751082180319437
thruhelixH3,1,Exit,0.1,10.0,0.030729993780320874
thruhelixH3,1,Exit,0.2,20.0,0.013287933736175556
thruhelixH3,1,Exit,0.30000000000000004,30.000000000000004,0.015590193523078092
thruhelixH3,1,Exit,0.4,40.0,0.018979224564047263
thruhelixH3,1,Exit,0.5,50.0,0.011430289279026638
thruhelixH3,1,Exit,0.6,60.0,0.011754685014270667
thruhelixH3,1,Exit,0.7000000000000001,70.0,0.008102485787191069
thruhelixH3,1,Exit,0.8,80.0,0.0006973288781439103
thruhelixH3,1,Exit,0.9,90.0,0.00017030057922225595
thruhelixH3,2,Entry,0.1,10.0,0.10486873835252365
thruhelixH3,2,Entry,0.2,20.0,0.015020232950014102
thruhelixH3,2,Entry,0.30000000000000004,30.000000000000004,0.004792421401007671
thruhelixH3,2,Entry,0.4,40.0,0.001044645767891696
thruhelixH3,2,Entry,0.5,50.0,0.0006344503746843954
thruhelixH3,2,Entry,0.6,60.0,0.0013453319102275949
thruhelixH3,2,Entry,0.7000000000000001,70.0,0.0022886739001606368
thruhelixH3,2,Entry,0.8,80.0,0.00077650010295184
thruhelixH3,2,Entry,0.9,90.0,0.0007320560600027942
thruhelixH3,2,Exit,0.1,10.0,0.10064581942880392
thruhelixH3,2,Exit,0.2,20.0,0.015475156026910082
thruhelixH3,2,Exit,0.30000000000000004,30.000000000000004,0.008202547741470813
thruhelixH3,2,Exit,0.4,40.0,0.0021944064612089208
thruhelixH3,2,Exit,0.5,50.0,0.001587274063553221
thruhelixH3,2,Exit,0.6,60.0,0.0019006819396166666
thruhelixH3,2,Exit,0.7000000000000001,70.0,0.0033102612685850874
thruhelixH3,2,Exit,0.8,80.0,0.0006528014160261794
thruhelixH3,2,Exit,0.9,90.0,0.00045687284548053973
thruhelixH3,3,Entry,0.1,10.0,0.024776501006332646
thruhelixH3,3,Entry,0.2,20.0,0.02031838051962047
thruhelixH3,3,Entry,0.30000000000000004,30.000000000000004,0.021022850193832703
thruhelixH3,3,Entry,0.4,40.0,0.004768874946490214
thruhelixH3,3,Entry,0.5,50.0,0.001750172780030296
thruhelixH3,3,Entry,0.6,60.0,0.0018863616148613045
thruhelixH3,3,Entry,0.7000000000000001,70.0,0.002017908658875544
thruhelixH3,3,Entry,0.8,80.0,0.000639592872805346
thruhelixH3,3,Entry,0.9,90.0,0.0004063767241241924
thruhelixH3,3,Exit,0.1,10.0,0.14250508336614764
thruhelixH3,3,Exit,0.2,20.0,0.1644968431669137
thruhelixH3,3,Exit,0.30000000000000004,30.000000000000004,0.16160960343896041
thruhelixH3,3,Exit,0.4,40.0,0.026028423778608582
thruhelixH3,3,Exit,0.5,50.0,0.002337033130975729
thruhelixH3,3,Exit,0.6,60.0,0.0008337192935240381
thruhelixH3,3,Exit,0.7000000000000001,70.0,0.004560219196251229
thruhelixH3,3,Exit,0.8,80.0,0.0004163356203758461
thruhelixH3,3,Exit,0.9,90.0,0.0017303120351730705
thruhelixH3,4,Entry,0.1,10.0,0.2609868013352816
thruhelixH3,4,Entry,0.2,20.0,0.2160296404842258
thruhelixH3,4,Entry,0.30000000000000004,30.000000000000004,0.07132269529079333
thruhelixH3,4,Entry,0.4,40.0,0.031071509066340142
thruhelixH3,4,Entry,0.5,50.0,0.017489088750475293
thruhelixH3,4,Entry,0.6,60.0,0.00971023658041208
thruhelixH3,4,Entry,0.7000000000000001,70.0,0.003607121616678036
thruhelixH3,4,Entry,0.8,80.0,0.0014212648647349757
thruhelixH3,4,Entry,0.9,90.0,0.0009819338959152998
thruhelixH3,4,Exit,0.1,10.0,0.3490232721168477
thruhelixH3,4,Exit,0.2,20.0,0.3420965100381229
thruhelixH3,4,Exit,0.30000000000000004,30.000000000000004,0.08825533874839794
thruhelixH3,4,Exit,0.4,40.0,0.04275270827533029
thruhelixH3,4,Exit,0.5,50.0,0.020092878828550282
thruhelixH3,4,Exit,0.6,60.0,0.011845168525198268
thruhelixH3,4,Exit,0.7000000000000001,70.0,0.005253585105781528
thruhelixH3,4,Exit,0.8,80.0,0.002973087843797923
thruhelixH3,4,Exit,0.9,90.0,0.002545602265122668
stcenpacore,1,Entry,0.1,10.0,0.21310196444150886
stcenpacore,1,Entry,0.2,20.0,0.21434694472747007
stcenpacore,1,Entry,0.30000000000000004,30.000000000000004,0.1186065201383761
stcenpacore,1,Entry,0.4,40.0,0.09154781686812759
stcenpacore,1,Entry,0.5,50.0,0.07035551166791153
stcenpacore,1,Entry,0.6,60.0,0.05154510847360046
stcenpacore,1,Entry,0.7000000000000001,70.0,0.018674212032418418
stcenpacore,1,Entry,0.8,80.0,0.008472060991143823
stcenpacore,1,Entry,0.9,90.0,0.001197507664373803
stcenpacore,1,Exit,0.1,10.0,0.454157801386994
stcenpacore,1,Exit,0.2,20.0,0.4378779520618795
stcenpacore,1,Exit,0.30000000000000004,30.000000000000004,0.1378819065870486
stcenpacore,1,Exit,0.4,40.0,0.07770300662139867
stcenpacore,1,Exit,0.5,50.0,0.03794985666570068
stcenpacore,1,Exit,0.6,60.0,0.0177083058557962
stcenpacore,1,Exit,0.7000000000000001,70.0,0.0075614838272206174
stcenpacore,1,Exit,0.8,80.0,0.0028992523977329774
stcenpacore,1,Exit,0.9,90.0,0.0005316055726695999
stcenpacore,2,Entry,0.1,10.0,0.09372103211667865
stcenpacore,2,Entry,0.2,20.0,0.07921371163527133
stcenpacore,2,Entry,0.30000000000000004,30.000000000000004,0.07512026219870807
stcenpacore,2,Entry,0.4,40.0,0.07072445261799848
stcenpacore,2,Entry,0.5,50.0,0.048006739798033646
stcenpacore,2,Entry,0.6,60.0,0.017233234378741254
stcenpacore,2,Entry,0.7000000000000001,70.0,0.006375552676770048
stcenpacore,2,Entry,0.8,80.0,0.003000159240769978
stcenpacore,2,Entry,0.9,90.0,0.00033518657267031656
stcenpacore,2,Exit,0.1,10.0,0.24298547760371458
stcenpacore,2,Exit,0.2,20.0,0.24105153350696706
stcenpacore,2,Exit,0.30000000000000004,30.000000000000004,0.2307014658100658
stcenpacore,2,Exit,0.4,40.0,0.2301298384096499
stcenpacore,2,Exit,0.5,50.0,0.14191277688190063
stcenpacore,2,Exit,0.6,60.0,0.055155027925888694
stcenpacore,2,Exit,0.7000000000000001,70.0,0.020942401507923925
stcenpacore,2,Exit,0.8,80.0,0.007164931444465028
stcenpacore,2,Exit,0.9,90.0,0.0014426188506153638
stcenpacore,3,Entry,0.1,10.0,0.0858649612324491
stcenpacore,3,Entry,0.2,20.0,0.021171289765444527
stcenpacore,3,Entry,0.30000000000000004,30.000000000000004,0.016006045287873725
stcenpacore,3,Entry,0.4,40.0,0.023666076716747697
stcenpacore,3,Entry,0.5,50.0,0.016018256495192187
stcenpacore,3,Entry,0.6,60.0,0.021924154038059453
stcenpacore,3,Entry,0.7000000000000001,70.0,0.011541197198730688
stcenpacore,3,Entry,0.8,80.0,0.006704778201801747
stcenpacore,3,Entry,0.9,90.0,0.006521327498077005
stcenpacore,3,Exit,0.1,10.0,0.008683743382131284
stcenpacore,3,Exit,0.2,20.0,0.0025919635454236265
stcenpacore,3,Exit,0.30000000000000004,30.000000000000004,0.0013869586258972843
stcenpacore,3,Exit,0.4,40.0,0.000892005970442655
stcenpacore,3,Exit,0.5,50.0,0.0006612551784593136
stcenpacore,3,Exit,0.6,60.0,0.001592685231591169
stcenpacore,3,Exit,0.7000000000000001,70.0,0.00029935508843895067
stcenpacore,3,Exit,0.8,80.0,8.194924663999097e-05
stcenpacore,3,Exit,0.9,90.0,3.8861900932561775e-05
stcenpacore,4,Entry,0.1,10.0,0.34048476837409136
stcenpacore,4,Entry,0.2,20.0,0.2795310606905834
stcenpacore,4,Entry,0.30000000000000004,30.000000000000004,0.1447392043641763
stcenpacore,4,Entry,0.4,40.0,0.08357578718341083
stcenpacore,4,Entry,0.5,50.0,0.03681933391023649
stcenpacore,4,Entry,0.6,60.0,0.017359656783055302
stcenpacore,4,Entry,0.7000000000000001,70.0,0.008031906997836635
stcenpacore,4,Entry,0.8,80.0,0.0029021231511125707
stcenpacore,4,Entry,0.9,90.0,0.0004501992939831167
stcenpacore,4,Exit,0.1,10.0,0.4771314844187607
stcenpacore,4,Exit,0.2,20.0,0.30654395918636745
stcenpacore,4,Exit,0.30000000000000004,30.000000000000004,0.11860267591798318
stcenpacore,4,Exit,0.4,40.0,0.05772554212657254
stcenpacore,4,Exit,0.5,50.0,0.028002448504813447
stcenpacore,4,Exit,0.6,60.0,0.013374633890160609
stcenpacore,4,Exit,0.7000000000000001,70.0,0.0049957348595900605
stcenpacore,4,Exit,0.8,80.0,0.0017903975587340798
stcenpacore,4,Exit,0.9,90.0,0.0005242587638122124
thruhelixcenpa,1,Entry,0.1,10.0,0.010697903699795612
thruhelixcenpa,1,Entry,0.2,20.0,0.023834512059926743
thruhelixcenpa,1,Entry,0.30000000000000004,30.000000000000004,0.027522182748753083
thruhelixcenpa,1,Entry,0.4,40.0,0.031206723787933505
thruhelixcenpa,1,Entry,0.5,50.0,0.03390290256626337
thruhelixcenpa,1,Entry,0.6,60.0,0.03422422577629036
thruhelixcenpa,1,Entry,0.7000000000000001,70.0,0.036017117379055
thruhelixcenpa,1,Entry,0.8,80.0,0.03574945850082514
thruhelixcenpa,1,Entry,0.9,90.0,0.006359376845642455
thruhelixcenpa,1,Exit,0.1,10.0,0.1031994202749596
thruhelixcenpa,1,Exit,0.2,20.0,0.10252029674223397
thruhelixcenpa,1,Exit,0.30000000000000004,30.000000000000004,0.06737365313033228
thruhelixcenpa,1,Exit,0.4,40.0,0.05473859159990766
thruhelixcenpa,1,Exit,0.5,50.0,0.05921715392166935
thruhelixcenpa,1,Exit,0.6,60.0,0.062294214375428175
thruhelixcenpa,1,Exit,0.7000000000000001,70.0,0.06561395112512511
thruhelixcenpa,1,Exit,0.8,80.0,0.053655270751757994
thruhelixcenpa,1,Exit,0.9,90.0,0.007554902249021476
thruhelixcenpa,2,Entry,0.1,10.0,0.23658847680054637
thruhelixcenpa,2,Entry,0.2,20.0,0.2444750517812256
thruhelixcenpa,2,Entry,0.30000000000000004,30.000000000000004,0.1449212489529677
thruhelixcenpa,2,Entry,0.4,40.0,0.043921979428540515
thruhelixcenpa,2,Entry,0.5,50.0,0.027552172734095118
thruhelixcenpa,2,Entry,0.6,60.0,0.017412420082145025
thruhelixcenpa,2,Entry,0.7000000000000001,70.0,0.012386860514220475
thruhelixcenpa,2,Entry,0.8,80.0,0.004614530999209379
thruhelixcenpa,2,Entry,0.9,90.0,0.0009858905692229905
thruhelixcenpa,2,Exit,0.1,10.0,0.428000868104876
thruhelixcenpa,2,Exit,0.2,20.0,0.43595858691595035
thruhelixcenpa,2,Exit,0.30000000000000004,30.000000000000004,0.20345441827292055
thruhelixcenpa,2,Exit,0.4,40.0,0.07960835517170062
thruhelixcenpa,2,Exit,0.5,50.0,0.03656611543123127
thruhelixcenpa,2,Exit,0.6,60.0,0.018392614889688443
thruhelixcenpa,2,Exit,0.7000000000000001,70.0,0.00916877768576905
thruhelixcenpa,2,Exit,0.8,80.0,0.0033563898476010644
thruhelixcenpa,2,Exit,0.9,90.0,0.0006227857611391566
thruhelixcenpa,3,Entry,0.1,10.0,0.000949561088009763
thruhelixcenpa,3,Entry,0.2,20.0,0.0010749432648696363
thruhelixcenpa,3,Entry,0.30000000000000004,30.000000000000004,0.0005390123551044546
thruhelixcenpa,3,Entry,0.4,40.0,0.0002879578831085453
thruhelixcenpa,3,Entry,0.5,50.0,0.00020998443035231067
thruhelixcenpa,3,Entry,0.6,60.0,0.0002086211188223566
thruhelixcenpa,3,Entry,0.7000000000000001,70.0,0.00011950508454351785
thruhelixcenpa,3,Entry,0.8,80.0,0.00012188249172646109
thruhelixcenpa,3,Entry,0.9,90.0,4.649702711912769e-05
thruhelixcenpa,3,Exit,0.1,10.0,0.0044509473280585935
thruhelixcenpa,3,Exit,0.2,20.0,0.0021354866500150004
thruhelixcenpa,3,Exit,0.30000000000000004,30.000000000000004,0.000904959576551688
thruhelixcenpa,3,Exit,0.4,40.0,0.0005197299983203668
thruhelixcenpa,3,Exit,0.5,50.0,0.0002943569980174252
thruhelixcenpa,3,Exit,0.6,60.0,0.00017633088821215952
thruhelixcenpa,3,Exit,0.7000000000000001,70.0,0.00015668252961873147
thruhelixcenpa,3,Exit,0.8,80.0,4.060040636299123e-05
thruhelixcenpa,3,Exit,0.9,90.0,1.3951832102692501e-05
thruhelixcenpa,4,Entry,0.1,10.0,0.06308584140026853
thruhelixcenpa,4,Entry,0.2,20.0,0.06882495447533489
thruhelixcenpa,4,Entry,0.30000000000000004,30.000000000000004,0.02147205982427773
thruhelixcenpa,4,Entry,0.4,40.0,0.027786368990651296
thruhelixcenpa,4,Entry,0.5,50.0,0.03420029610976477
thruhelixcenpa,4,Entry,0.6,60.0,0.03265602375348766
thruhelixcenpa,4,Entry,0.7000000000000001,70.0,0.01428511075271506
thruhelixcenpa,4,Entry,0.8,80.0,0.004227993640782997
thruhelixcenpa,4,Entry,0.9,90.0,0.0009953973937232778
thruhelixcenpa,4,Exit,0.1,10.0,0.08822987241282587
thruhelixcenpa,4,Exit,0.2,20.0,0.0782269048555872
thruhelixcenpa,4,Exit,0.30000000000000004,30.000000000000004,0.08559385666575464
thruhelixcenpa,4,Exit,0.4,40.0,0.08954897787396887
thruhelixcenpa,4,Exit,0.5,50.0,0.09232889194215392
thruhelixcenpa,4,Exit,0.6,60.0,0.08363630833096188
thruhelixcenpa,4,Exit,0.7000000000000001,70.0,0.027889895664772943
thruhelixcenpa,4,Exit,0.8,80.0,0.009253295520156291
thruhelixcenpa,4,Exit,0.9,90.0,0.0016657325096984298
